step,new_task,epochs_run,task,r2,mae,samples,primary,points,accuracy,macro_f1
1,density,100,density,0.9876303443256081,0.078255854333328,5075,0.9876303443256081,,,
2,efermi,70,density,0.9777328724991424,0.10891599410236184,5075,0.9777328724991424,,,
2,efermi,70,efermi,0.905558955116307,0.20433305359593273,5073,0.905558955116307,,,
3,final_energy,89,density,0.9723861233968182,0.12253754744882986,5075,0.9723861233968182,,,
3,final_energy,89,efermi,0.8645436406395661,0.26630737845347474,5073,0.8645436406395661,,,
3,final_energy,89,final_energy,0.587031206037166,0.4241179696201577,5075,0.587031206037166,,,
4,total_magnetization,82,density,0.968036420307995,0.1346398410081999,5075,0.968036420307995,,,
4,total_magnetization,82,efermi,0.8593886062110968,0.2675645044692696,5073,0.8593886062110968,,,
4,total_magnetization,82,final_energy,0.3130824703060958,0.6066225312196423,5075,0.3130824703060958,,,
4,total_magnetization,82,total_magnetization,0.6672994157395644,0.3525171831050308,5075,0.6672994157395644,,,
5,volume,66,density,0.9661989735755613,0.1388874246729926,5075,0.9661989735755613,,,
5,volume,66,efermi,0.859334711836156,0.2701423990528813,5073,0.859334711836156,,,
5,volume,66,final_energy,0.34796935115049854,0.5881492803315652,5075,0.34796935115049854,,,
5,volume,66,total_magnetization,0.42274531293716655,0.4853998699713358,5075,0.42274531293716655,,,
5,volume,66,volume,0.4212229598785585,0.6168252898720384,5075,0.4212229598785585,,,
6,dielectric_total,59,density,0.9667371878470933,0.1353112794132931,5075,0.9667371878470933,,,
6,dielectric_total,59,efermi,0.853301009891551,0.282021314316103,5073,0.853301009891551,,,
6,dielectric_total,59,final_energy,0.34798237556141143,0.5765145208302727,5075,0.34798237556141143,,,
6,dielectric_total,59,total_magnetization,0.4360079925228354,0.5270957829044276,5075,0.4360079925228354,,,
6,dielectric_total,59,volume,0.27481531527243674,0.6916508162543111,5075,0.27481531527243674,,,
6,dielectric_total,59,dielectric_total,0.6326588447978228,0.44330235833818926,710,0.6326588447978228,,,
7,dielectric_ionic,70,density,0.9585905277340352,0.15379794782535236,5075,0.9585905277340352,,,
7,dielectric_ionic,70,efermi,0.8560382799679885,0.2736645354864606,5073,0.8560382799679885,,,
7,dielectric_ionic,70,final_energy,0.31208939515361067,0.6057122696826035,5075,0.31208939515361067,,,
7,dielectric_ionic,70,total_magnetization,0.4505506938011865,0.5119044196793752,5075,0.4505506938011865,,,
7,dielectric_ionic,70,volume,0.2779893908928952,0.6933849655520831,5075,0.2779893908928952,,,
7,dielectric_ionic,70,dielectric_total,0.5596668124929243,0.47177116188563706,710,0.5596668124929243,,,
7,dielectric_ionic,70,dielectric_ionic,0.5251051872222727,0.5160769738624864,710,0.5251051872222727,,,
8,dielectric_electronic,56,density,0.9646799833379681,0.14057252072258636,5075,0.9646799833379681,,,
8,dielectric_electronic,56,efermi,0.8467957943381408,0.2886618078958279,5073,0.8467957943381408,,,
8,dielectric_electronic,56,final_energy,0.25296430496339195,0.6211643209244342,5075,0.25296430496339195,,,
8,dielectric_electronic,56,total_magnetization,0.4575814789295136,0.4942566798498152,5075,0.4575814789295136,,,
8,dielectric_electronic,56,volume,0.29540585491599514,0.6849230513758011,5075,0.29540585491599514,,,
8,dielectric_electronic,56,dielectric_total,0.5869401788561339,0.4671063410736581,710,0.5869401788561339,,,
8,dielectric_electronic,56,dielectric_ionic,0.4674759182236561,0.5672065565792178,710,0.4674759182236561,,,
8,dielectric_electronic,56,dielectric_electronic,0.8223053759308774,0.25169062008411447,710,0.8223053759308774,,,
9,magnetization,47,density,0.9624745607254441,0.14523282612029725,5235,0.9624745607254441,,,
9,magnetization,47,efermi,0.8554771601536477,0.27764367627069514,5233,0.8554771601536477,,,
9,magnetization,47,final_energy,0.32686975853098854,0.6544532988693798,5235,0.32686975853098854,,,
9,magnetization,47,total_magnetization,0.42714979444574064,0.5147971731976719,5235,0.42714979444574064,,,
9,magnetization,47,volume,0.31288572591979447,0.6825581242539613,5235,0.31288572591979447,,,
9,magnetization,47,dielectric_total,0.5534248702677486,0.4952920128441631,719,0.5534248702677486,,,
9,magnetization,47,dielectric_ionic,0.4800958729824544,0.5296747387945164,719,0.4800958729824544,,,
9,magnetization,47,dielectric_electronic,0.7702124869215997,0.29242583280936507,719,0.7702124869215997,,,
9,magnetization,47,magnetization,0.6023316739024979,0.4623659373529041,244,0.6023316739024979,,,
10,curie,30,density,0.9610598151333012,0.1518864895047289,5235,0.9610598151333012,,,
10,curie,30,efermi,0.8530611528817363,0.2824166961257735,5233,0.8530611528817363,,,
10,curie,30,final_energy,0.31971847674210463,0.6423986122138647,5235,0.31971847674210463,,,
10,curie,30,total_magnetization,0.335948568131495,0.5562073405318418,5235,0.335948568131495,,,
10,curie,30,volume,0.31400627939918235,0.6843795232522416,5235,0.31400627939918235,,,
10,curie,30,dielectric_total,0.5458900125277206,0.4771149498911056,719,0.5458900125277206,,,
10,curie,30,dielectric_ionic,0.4473484770945526,0.5529307423981593,719,0.4473484770945526,,,
10,curie,30,dielectric_electronic,0.7500277627063661,0.2790251346681186,719,0.7500277627063661,,,
10,curie,30,magnetization,0.5981106041141971,0.4690583822565498,244,0.5981106041141971,,,
10,curie,30,curie,0.6043053200959205,0.44724663145668514,1423,0.6043053200959205,,,
11,neel,32,density,0.955625200750599,0.15976227596197667,5235,0.955625200750599,,,
11,neel,32,efermi,0.8508346741483701,0.2903200194746914,5233,0.8508346741483701,,,
11,neel,32,final_energy,0.3109155342235168,0.6490505918011761,5235,0.3109155342235168,,,
11,neel,32,total_magnetization,0.3543783033503579,0.5529702827955673,5235,0.3543783033503579,,,
11,neel,32,volume,0.2987180455990808,0.6856185373360049,5235,0.2987180455990808,,,
11,neel,32,dielectric_total,0.5809123072605623,0.4826468342197955,719,0.5809123072605623,,,
11,neel,32,dielectric_ionic,0.4548525407709959,0.5658628800322945,719,0.4548525407709959,,,
11,neel,32,dielectric_electronic,0.7827115148771863,0.2598475308621996,719,0.7827115148771863,,,
11,neel,32,magnetization,0.5933048217803549,0.46613983038621587,244,0.5933048217803549,,,
11,neel,32,curie,0.5558365909620011,0.498831120737408,1423,0.5558365909620011,,,
11,neel,32,neel,0.5359454214457446,0.4892473692171347,849,0.5359454214457446,,,
12,kp,43,density,0.9540439720940593,0.16209801127375698,5386,0.9540439720940593,,,
12,kp,43,efermi,0.8556984268949482,0.2819723374183259,5384,0.8556984268949482,,,
12,kp,43,final_energy,0.1907885535726198,0.6426028629446502,5386,0.1907885535726198,,,
12,kp,43,total_magnetization,0.4248973499262061,0.5186558905159707,5386,0.4248973499262061,,,
12,kp,43,volume,0.29127832445760937,0.6851060650998931,5386,0.29127832445760937,,,
12,kp,43,dielectric_total,0.6048653621786213,0.4635736923715567,815,0.6048653621786213,,,
12,kp,43,dielectric_ionic,0.5317789278102232,0.5124710593249773,815,0.5317789278102232,,,
12,kp,43,dielectric_electronic,0.7762464915745617,0.29013892445490774,815,0.7762464915745617,,,
12,kp,43,magnetization,0.5937210545602448,0.4604747093895217,244,0.5937210545602448,,,
12,kp,43,curie,0.4466977915926009,0.5609497006074377,1424,0.4466977915926009,,,
12,kp,43,neel,0.4708089600160432,0.5341393979917451,857,0.4708089600160432,,,
12,kp,43,kp,0.5772095696644335,0.48037916134457387,1045,0.5772095696644335,,,
13,magnetic_susceptibility,30,density,0.9524644451699179,0.16437535481642732,5386,0.9524644451699179,,,
13,magnetic_susceptibility,30,efermi,0.857236500481512,0.2762480526842211,5384,0.857236500481512,,,
13,magnetic_susceptibility,30,final_energy,0.33204474332169653,0.6089157715312377,5386,0.33204474332169653,,,
13,magnetic_susceptibility,30,total_magnetization,0.42757448875738724,0.4861606775067599,5386,0.42757448875738724,,,
13,magnetic_susceptibility,30,volume,0.28120846234079944,0.7015778490210907,5386,0.28120846234079944,,,
13,magnetic_susceptibility,30,dielectric_total,0.5798819974874456,0.4675307401854369,815,0.5798819974874456,,,
13,magnetic_susceptibility,30,dielectric_ionic,0.5247693527223082,0.5270205852922291,815,0.5247693527223082,,,
13,magnetic_susceptibility,30,dielectric_electronic,0.8055056239510814,0.2638711543783971,815,0.8055056239510814,,,
13,magnetic_susceptibility,30,magnetization,0.5851563778997144,0.46733845277641833,244,0.5851563778997144,,,
13,magnetic_susceptibility,30,curie,0.5714138761684453,0.4606374259634711,1424,0.5714138761684453,,,
13,magnetic_susceptibility,30,neel,0.5181508175897362,0.5063592309006882,857,0.5181508175897362,,,
13,magnetic_susceptibility,30,kp,0.46535623740888554,0.5230791346704381,1045,0.46535623740888554,,,
13,magnetic_susceptibility,30,magnetic_susceptibility,-0.08753545940807128,0.8559333220574399,20,-0.08753545940807128,6000.0,,
14,zt,38,density,0.9610850228891413,0.1476354944337975,5386,0.9610850228891413,,,
14,zt,38,efermi,0.8498141206323249,0.282639273498417,5384,0.8498141206323249,,,
14,zt,38,final_energy,0.3489217848740107,0.6063553030879729,5386,0.3489217848740107,,,
14,zt,38,total_magnetization,0.4609855357497028,0.5205620470925868,5386,0.4609855357497028,,,
14,zt,38,volume,0.29246187477003327,0.6895980973477727,5386,0.29246187477003327,,,
14,zt,38,dielectric_total,0.6102167501206155,0.4542840521879343,815,0.6102167501206155,,,
14,zt,38,dielectric_ionic,0.5368332916464003,0.4991317285495872,815,0.5368332916464003,,,
14,zt,38,dielectric_electronic,0.8060046294992085,0.2704842664860977,815,0.8060046294992085,,,
14,zt,38,magnetization,0.6282639743327059,0.4368841533570823,244,0.6282639743327059,,,
14,zt,38,curie,0.5996577156585243,0.4445259689881963,1424,0.5996577156585243,,,
14,zt,38,neel,0.5670084334639954,0.48073914637281645,857,0.5670084334639954,,,
14,zt,38,kp,0.5263325578393799,0.4907700388147211,1045,0.5263325578393799,,,
14,zt,38,magnetic_susceptibility,-0.07081764600194007,0.38579747385670893,20,-0.07081764600194007,6000.0,,
14,zt,38,zt,0.6225818222205319,0.46886690716344687,774,0.6225818222205319,232200.0,,
15,power_factor,43,density,0.958802842033861,0.1506674965989706,5386,0.958802842033861,,,
15,power_factor,43,efermi,0.8515742260225023,0.2835121817039539,5384,0.8515742260225023,,,
15,power_factor,43,final_energy,0.3720326815686895,0.5776340605872731,5386,0.3720326815686895,,,
15,power_factor,43,total_magnetization,0.47296687671312254,0.4986715369880986,5386,0.47296687671312254,,,
15,power_factor,43,volume,0.27363440891694,0.69490697204177,5386,0.27363440891694,,,
15,power_factor,43,dielectric_total,0.6234879891582217,0.44977647319515907,815,0.6234879891582217,,,
15,power_factor,43,dielectric_ionic,0.5290789773750553,0.5138377335284667,815,0.5290789773750553,,,
15,power_factor,43,dielectric_electronic,0.8068494696595323,0.2734491699509409,815,0.8068494696595323,,,
15,power_factor,43,magnetization,0.6277378248556549,0.439199429990642,244,0.6277378248556549,,,
15,power_factor,43,curie,0.6002714035763407,0.45640445965240484,1424,0.6002714035763407,,,
15,power_factor,43,neel,0.5513050710080104,0.4810517957079558,857,0.5513050710080104,,,
15,power_factor,43,kp,0.43360936462566324,0.5275474783541405,1045,0.43360936462566324,,,
15,power_factor,43,magnetic_susceptibility,0.005329520051849057,0.35417784845508066,20,0.005329520051849057,6000.0,,
15,power_factor,43,zt,0.5526133106585973,0.49887988280555506,774,0.5526133106585973,232200.0,,
15,power_factor,43,power_factor,0.6340038935095489,0.4552229259114973,802,0.6340038935095489,240600.0,,
16,thermal_conductivity,53,density,0.961185737534672,0.14687353259316463,5386,0.961185737534672,,,
16,thermal_conductivity,53,efermi,0.857292706370176,0.2767532471584375,5384,0.857292706370176,,,
16,thermal_conductivity,53,final_energy,0.36160560829258115,0.5663609377815295,5386,0.36160560829258115,,,
16,thermal_conductivity,53,total_magnetization,0.4471943269696551,0.5096722198440604,5386,0.4471943269696551,,,
16,thermal_conductivity,53,volume,0.273650607841156,0.6925157734551103,5386,0.273650607841156,,,
16,thermal_conductivity,53,dielectric_total,0.5888150093350497,0.47307708113311664,815,0.5888150093350497,,,
16,thermal_conductivity,53,dielectric_ionic,0.5350209331192117,0.4938467031871291,815,0.5350209331192117,,,
16,thermal_conductivity,53,dielectric_electronic,0.8048333842997657,0.26582960854735577,815,0.8048333842997657,,,
16,thermal_conductivity,53,magnetization,0.6415652203369724,0.44165801433765656,244,0.6415652203369724,,,
16,thermal_conductivity,53,curie,0.5528235413677596,0.47306332836970677,1424,0.5528235413677596,,,
16,thermal_conductivity,53,neel,0.5665660346010643,0.47169339249493425,857,0.5665660346010643,,,
16,thermal_conductivity,53,kp,0.5089565548429322,0.49827616961556115,1045,0.5089565548429322,,,
16,thermal_conductivity,53,magnetic_susceptibility,-0.07267784328641569,0.36834777627235543,20,-0.07267784328641569,6000.0,,
16,thermal_conductivity,53,zt,0.5538311248274477,0.4922989068149667,774,0.5538311248274477,232200.0,,
16,thermal_conductivity,53,power_factor,0.5606840830747777,0.4978388021841123,802,0.5606840830747777,240600.0,,
16,thermal_conductivity,53,thermal_conductivity,0.6339388701212827,0.43375731847996385,937,0.6339388701212827,281100.0,,
17,electrical_resistivity,38,density,0.9588571724164038,0.15019998970629883,5386,0.9588571724164038,,,
17,electrical_resistivity,38,efermi,0.8575023256420571,0.27871592856316413,5384,0.8575023256420571,,,
17,electrical_resistivity,38,final_energy,0.37047498713009586,0.6070237245322024,5386,0.37047498713009586,,,
17,electrical_resistivity,38,total_magnetization,0.39510026482774707,0.5277725033361652,5386,0.39510026482774707,,,
17,electrical_resistivity,38,volume,0.2880148043741251,0.684345177807973,5386,0.2880148043741251,,,
17,electrical_resistivity,38,dielectric_total,0.571885631370777,0.4668486889327518,815,0.571885631370777,,,
17,electrical_resistivity,38,dielectric_ionic,0.4881320728765334,0.5184907112747313,815,0.4881320728765334,,,
17,electrical_resistivity,38,dielectric_electronic,0.7950305349951854,0.27478921426737074,815,0.7950305349951854,,,
17,electrical_resistivity,38,magnetization,0.6653978381200306,0.4164350087801653,244,0.6653978381200306,,,
17,electrical_resistivity,38,curie,0.5827619565216928,0.46795124016100215,1424,0.5827619565216928,,,
17,electrical_resistivity,38,neel,0.5872503574011917,0.46697637767920774,857,0.5872503574011917,,,
17,electrical_resistivity,38,kp,0.49475572622680564,0.49552390512212086,1045,0.49475572622680564,,,
17,electrical_resistivity,38,magnetic_susceptibility,-0.01833564016395184,0.34870376650655566,20,-0.01833564016395184,6000.0,,
17,electrical_resistivity,38,zt,0.5400116241562223,0.5139154510625632,774,0.5400116241562223,232200.0,,
17,electrical_resistivity,38,power_factor,0.5648245106075569,0.5029328066078178,802,0.5648245106075569,240600.0,,
17,electrical_resistivity,38,thermal_conductivity,0.545250778126759,0.4901796295615506,937,0.545250778126759,281100.0,,
17,electrical_resistivity,38,electrical_resistivity,0.13372062691351838,0.3759966254220877,1105,0.13372062691351838,331500.0,,
18,dos_density,63,density,0.9605457883342071,0.14734569853827353,5386,0.9605457883342071,,,
18,dos_density,63,efermi,0.8501055348745384,0.2902780927489133,5384,0.8501055348745384,,,
18,dos_density,63,final_energy,0.36376052474170717,0.5421821726829587,5386,0.36376052474170717,,,
18,dos_density,63,total_magnetization,0.3281273250187089,0.5508651642396603,5386,0.3281273250187089,,,
18,dos_density,63,volume,0.28008596399256636,0.6953602695752482,5386,0.28008596399256636,,,
18,dos_density,63,dielectric_total,0.5914202626630173,0.4622984545141451,815,0.5914202626630173,,,
18,dos_density,63,dielectric_ionic,0.5469284309998255,0.49068296748608425,815,0.5469284309998255,,,
18,dos_density,63,dielectric_electronic,0.7817733168322493,0.28000622626940996,815,0.7817733168322493,,,
18,dos_density,63,magnetization,0.6717128824349753,0.4085574316683813,244,0.6717128824349753,,,
18,dos_density,63,curie,0.5991805837476937,0.4415659214726106,1424,0.5991805837476937,,,
18,dos_density,63,neel,0.5648467900094504,0.4678464805615474,857,0.5648467900094504,,,
18,dos_density,63,kp,0.5042137814287473,0.4991666604293324,1045,0.5042137814287473,,,
18,dos_density,63,magnetic_susceptibility,-0.05680561764622216,0.3703795702779732,20,-0.05680561764622216,6000.0,,
18,dos_density,63,zt,0.577986531665047,0.4812619168462651,774,0.577986531665047,232200.0,,
18,dos_density,63,power_factor,0.5758573718611897,0.4755836081231304,802,0.5758573718611897,240600.0,,
18,dos_density,63,thermal_conductivity,0.5507180874961021,0.47579593760423133,937,0.5507180874961021,281100.0,,
18,dos_density,63,electrical_resistivity,0.06685406843201258,0.4244386544901321,1105,0.06685406843201258,331500.0,,
18,dos_density,63,dos_density,0.5218357268111742,0.1251788400320126,1714,0.5218357268111742,514200.0,,
19,seebeck,36,density,0.9602701657045888,0.14879826820738987,5386,0.9602701657045888,,,
19,seebeck,36,efermi,0.8540896060534231,0.2837423417632792,5384,0.8540896060534231,,,
19,seebeck,36,final_energy,0.37598127751145094,0.542218329385524,5386,0.37598127751145094,,,
19,seebeck,36,total_magnetization,0.30946021378181376,0.5661746081712449,5386,0.30946021378181376,,,
19,seebeck,36,volume,0.2738155485919308,0.6950920326365134,5386,0.2738155485919308,,,
19,seebeck,36,dielectric_total,0.5833530269416691,0.46817510142179575,815,0.5833530269416691,,,
19,seebeck,36,dielectric_ionic,0.5472119096171886,0.5018976738371737,815,0.5472119096171886,,,
19,seebeck,36,dielectric_electronic,0.7847395809725622,0.28780062770100634,815,0.7847395809725622,,,
19,seebeck,36,magnetization,0.7079418071532804,0.3741044412324458,244,0.7079418071532804,,,
19,seebeck,36,curie,0.6228540664872452,0.4266967316342762,1424,0.6228540664872452,,,
19,seebeck,36,neel,0.5436898109818141,0.48796599032941024,857,0.5436898109818141,,,
19,seebeck,36,kp,0.5072654854748788,0.5030965955844249,1045,0.5072654854748788,,,
19,seebeck,36,magnetic_susceptibility,-0.0018749244744364901,0.33969674273007056,20,-0.0018749244744364901,6000.0,,
19,seebeck,36,zt,0.539237457810943,0.507757091686556,774,0.539237457810943,232200.0,,
19,seebeck,36,power_factor,0.575618323942098,0.4747413565758451,802,0.575618323942098,240600.0,,
19,seebeck,36,thermal_conductivity,0.5657178048184252,0.480198375059842,937,0.5657178048184252,281100.0,,
19,seebeck,36,electrical_resistivity,0.04162029134437906,0.4596876613041554,1105,0.04162029134437906,331500.0,,
19,seebeck,36,dos_density,0.4428286614107563,0.1361096742827412,1714,0.4428286614107563,514200.0,,
19,seebeck,36,seebeck,0.5562629956882509,0.4430094356890465,1856,0.5562629956882509,556800.0,,
20,formation_energy,28,density,0.9590141621786539,0.1510342321356916,5386,0.9590141621786539,,,
20,formation_energy,28,efermi,0.8563638389875893,0.27853070938847646,5384,0.8563638389875893,,,
20,formation_energy,28,final_energy,0.3534800932207349,0.5521266570366189,5386,0.3534800932207349,,,
20,formation_energy,28,total_magnetization,0.4280032056657802,0.48597579049631573,5386,0.4280032056657802,,,
20,formation_energy,28,volume,0.28733785458355454,0.687157201007108,5386,0.28733785458355454,,,
20,formation_energy,28,dielectric_total,0.5833149954179657,0.485614018096063,815,0.5833149954179657,,,
20,formation_energy,28,dielectric_ionic,0.5394596318210206,0.499065949744712,815,0.5394596318210206,,,
20,formation_energy,28,dielectric_electronic,0.7892960591828646,0.2761793706429681,815,0.7892960591828646,,,
20,formation_energy,28,magnetization,0.6946629293183371,0.38266061596403933,244,0.6946629293183371,,,
20,formation_energy,28,curie,0.597211782674649,0.4502362566855479,1424,0.597211782674649,,,
20,formation_energy,28,neel,0.5435639217826445,0.48549067960634407,857,0.5435639217826445,,,
20,formation_energy,28,kp,0.5129310844089298,0.4942583655579198,1045,0.5129310844089298,,,
20,formation_energy,28,magnetic_susceptibility,-0.00508009103722129,0.3531310094316589,20,-0.00508009103722129,6000.0,,
20,formation_energy,28,zt,0.5756033930528975,0.49118739453227034,774,0.5756033930528975,232200.0,,
20,formation_energy,28,power_factor,0.5745666185558755,0.479077883068058,802,0.5745666185558755,240600.0,,
20,formation_energy,28,thermal_conductivity,0.5543271041118736,0.4821138713378572,937,0.5543271041118736,281100.0,,
20,formation_energy,28,electrical_resistivity,0.05058597705867918,0.43457328461135725,1105,0.05058597705867918,331500.0,,
20,formation_energy,28,dos_density,0.4456159627161089,0.13524315236782689,1714,0.4456159627161089,514200.0,,
20,formation_energy,28,seebeck,0.3548738034866523,0.5655624573346029,1856,0.3548738034866523,556800.0,,
20,formation_energy,28,formation_energy,0.9502591054431425,0.16815750142435684,5386,0.9502591054431425,,,
21,magnetic_moment,32,density,0.9590597183522166,0.15170563182149482,5386,0.9590597183522166,,,
21,magnetic_moment,32,efermi,0.8536229271169216,0.2835514976991335,5384,0.8536229271169216,,,
21,magnetic_moment,32,final_energy,0.375830593020936,0.5725977249259697,5386,0.375830593020936,,,
21,magnetic_moment,32,total_magnetization,0.42767370001245697,0.5112410726381786,5386,0.42767370001245697,,,
21,magnetic_moment,32,volume,0.32030897275391224,0.6815118779076678,5386,0.32030897275391224,,,
21,magnetic_moment,32,dielectric_total,0.5954000157511765,0.4879903813752291,815,0.5954000157511765,,,
21,magnetic_moment,32,dielectric_ionic,0.5329529049160139,0.5124582799248065,815,0.5329529049160139,,,
21,magnetic_moment,32,dielectric_electronic,0.8080929070151724,0.2628740635438783,815,0.8080929070151724,,,
21,magnetic_moment,32,magnetization,0.7093688048694851,0.3700917246376745,244,0.7093688048694851,,,
21,magnetic_moment,32,curie,0.6130909177421272,0.4442227041886472,1424,0.6130909177421272,,,
21,magnetic_moment,32,neel,0.5577838646133613,0.47845856034102663,857,0.5577838646133613,,,
21,magnetic_moment,32,kp,0.5090920248916981,0.507764022170796,1045,0.5090920248916981,,,
21,magnetic_moment,32,magnetic_susceptibility,0.013198719415251747,0.3434197218710204,20,0.013198719415251747,6000.0,,
21,magnetic_moment,32,zt,0.5526130215843008,0.506953300124356,774,0.5526130215843008,232200.0,,
21,magnetic_moment,32,power_factor,0.5757370502395127,0.48432209377564284,802,0.5757370502395127,240600.0,,
21,magnetic_moment,32,thermal_conductivity,0.5425954624315492,0.4881166534263888,937,0.5425954624315492,281100.0,,
21,magnetic_moment,32,electrical_resistivity,0.07199534828109933,0.46171984375019054,1105,0.07199534828109933,331500.0,,
21,magnetic_moment,32,dos_density,0.42600857583587215,0.13965508029765483,1714,0.42600857583587215,514200.0,,
21,magnetic_moment,32,seebeck,0.47784920886251014,0.4979014235388995,1856,0.47784920886251014,556800.0,,
21,magnetic_moment,32,formation_energy,0.9036703514921877,0.2354376315821718,5386,0.9036703514921877,,,
21,magnetic_moment,32,magnetic_moment,0.46566478238014597,0.5809368256617007,200,0.46566478238014597,,,
22,tc,59,density,0.9648243996161932,0.13915622614289097,5414,0.9648243996161932,,,
22,tc,59,efermi,0.8572795874140002,0.28049641527498714,5412,0.8572795874140002,,,
22,tc,59,final_energy,0.3422825599464593,0.5804166829820971,5414,0.3422825599464593,,,
22,tc,59,total_magnetization,0.4460549557061303,0.47906121194089124,5414,0.4460549557061303,,,
22,tc,59,volume,0.2780758927011058,0.6862013940338441,5414,0.2780758927011058,,,
22,tc,59,dielectric_total,0.5793526026516798,0.47437984540609374,816,0.5793526026516798,,,
22,tc,59,dielectric_ionic,0.538190843583107,0.5108866297567719,816,0.538190843583107,,,
22,tc,59,dielectric_electronic,0.806244989729282,0.25638344458140966,816,0.806244989729282,,,
22,tc,59,magnetization,0.6919015570788085,0.3741397131361315,245,0.6919015570788085,,,
22,tc,59,curie,0.6024705617102428,0.4321585048728687,1431,0.6024705617102428,,,
22,tc,59,neel,0.5852318093284481,0.4638629363267185,867,0.5852318093284481,,,
22,tc,59,kp,0.5564102136004205,0.4894301636513481,1054,0.5564102136004205,,,
22,tc,59,magnetic_susceptibility,-0.053840536931846206,0.35751729554586076,20,-0.053840536931846206,6000.0,,
22,tc,59,zt,0.5681043014128513,0.48201760221599665,780,0.5681043014128513,234000.0,,
22,tc,59,power_factor,0.5813866405431867,0.49087481677035794,807,0.5813866405431867,242100.0,,
22,tc,59,thermal_conductivity,0.5687075439839564,0.47212934677108603,948,0.5687075439839564,284400.0,,
22,tc,59,electrical_resistivity,0.03176773557496437,0.424076013334804,1120,0.03176773557496437,336000.0,,
22,tc,59,dos_density,0.42045694031393444,0.13840037345331105,1736,0.42045694031393444,520800.0,,
22,tc,59,seebeck,0.4303931754803806,0.515218290107434,1888,0.4303931754803806,566400.0,,
22,tc,59,formation_energy,0.9224979142892683,0.2082523218531402,5414,0.9224979142892683,,,
22,tc,59,magnetic_moment,0.5235804371272814,0.5369733856903739,200,0.5235804371272814,,,
22,tc,59,tc,0.7472194885094738,0.337013701672717,1640,0.7472194885094738,,,
23,klat,42,density,0.9604971275008247,0.1486753394470966,5414,0.9604971275008247,,,
23,klat,42,efermi,0.8552938669146657,0.27384570932341695,5412,0.8552938669146657,,,
23,klat,42,final_energy,0.37604197778056225,0.5623290314934458,5414,0.37604197778056225,,,
23,klat,42,total_magnetization,0.38368652553092597,0.557648339374552,5414,0.38368652553092597,,,
23,klat,42,volume,0.3299371925862945,0.6741989226190808,5414,0.3299371925862945,,,
23,klat,42,dielectric_total,0.5968123463302368,0.4522628039312637,816,0.5968123463302368,,,
23,klat,42,dielectric_ionic,0.5003364817116656,0.5176857287539379,816,0.5003364817116656,,,
23,klat,42,dielectric_electronic,0.7832655632410369,0.2617859306354767,816,0.7832655632410369,,,
23,klat,42,magnetization,0.7058489568507255,0.3729705565521183,245,0.7058489568507255,,,
23,klat,42,curie,0.6365317808564527,0.42083296810324744,1431,0.6365317808564527,,,
23,klat,42,neel,0.5986181427583928,0.4586834286731151,867,0.5986181427583928,,,
23,klat,42,kp,0.5684037889848745,0.48262554413729136,1054,0.5684037889848745,,,
23,klat,42,magnetic_susceptibility,-0.06751496290726844,0.3655331471027067,20,-0.06751496290726844,6000.0,,
23,klat,42,zt,0.5573170785707237,0.48422053638356527,780,0.5573170785707237,234000.0,,
23,klat,42,power_factor,0.5926199529814771,0.47674613367336083,807,0.5926199529814771,242100.0,,
23,klat,42,thermal_conductivity,0.5639225054219276,0.47238749132595453,948,0.5639225054219276,284400.0,,
23,klat,42,electrical_resistivity,0.07735128422207016,0.41166417456045834,1120,0.07735128422207016,336000.0,,
23,klat,42,dos_density,0.43053555020924006,0.13593420543307105,1736,0.43053555020924006,520800.0,,
23,klat,42,seebeck,0.3956283039755366,0.5410100657550607,1888,0.3956283039755366,566400.0,,
23,klat,42,formation_energy,0.9315695659640155,0.19749298061769202,5414,0.9315695659640155,,,
23,klat,42,magnetic_moment,0.5167626803223877,0.5446786300562032,200,0.5167626803223877,,,
23,klat,42,tc,0.6950946501026587,0.3978199876285574,1640,0.6950946501026587,,,
23,klat,42,klat,0.6519295539923958,0.43307892476212884,1054,0.6519295539923958,,,
24,material_type,46,density,0.9583241129513957,0.15463994313344687,5414,0.9583241129513957,,,
24,material_type,46,efermi,0.8498834386115279,0.28480327894215945,5412,0.8498834386115279,,,
24,material_type,46,final_energy,0.396819159655332,0.5404585337775555,5414,0.396819159655332,,,
24,material_type,46,total_magnetization,0.45891521692223247,0.4929553593977082,5414,0.45891521692223247,,,
24,material_type,46,volume,0.3165155704063253,0.6770606671241155,5414,0.3165155704063253,,,
24,material_type,46,dielectric_total,0.5999924149035838,0.4519733208010461,816,0.5999924149035838,,,
24,material_type,46,dielectric_ionic,0.5423809983285715,0.5007971206169055,816,0.5423809983285715,,,
24,material_type,46,dielectric_electronic,0.7998962438551116,0.2537905127152081,816,0.7998962438551116,,,
24,material_type,46,magnetization,0.7258663205453577,0.34929568361903274,245,0.7258663205453577,,,
24,material_type,46,curie,0.6366651170659727,0.4071195228634798,1431,0.6366651170659727,,,
24,material_type,46,neel,0.5936806785033366,0.4600222482858911,867,0.5936806785033366,,,
24,material_type,46,kp,0.5569350457368953,0.49678767778388183,1054,0.5569350457368953,,,
24,material_type,46,magnetic_susceptibility,-0.0726596655449454,0.3549114719391224,20,-0.0726596655449454,6000.0,,
24,material_type,46,zt,0.5842685183353626,0.48233990880921324,780,0.5842685183353626,234000.0,,
24,material_type,46,power_factor,0.5896471735829503,0.49464486188056206,807,0.5896471735829503,242100.0,,
24,material_type,46,thermal_conductivity,0.5598016980705713,0.4803429614151496,948,0.5598016980705713,284400.0,,
24,material_type,46,electrical_resistivity,0.04623369965056656,0.4288791317726756,1120,0.04623369965056656,336000.0,,
24,material_type,46,dos_density,0.4523576219323272,0.1341382886338553,1736,0.4523576219323272,520800.0,,
24,material_type,46,seebeck,0.4695443501126597,0.4959141820668871,1888,0.4695443501126597,566400.0,,
24,material_type,46,formation_energy,0.9296335280105414,0.2042048603133997,5414,0.9296335280105414,,,
24,material_type,46,magnetic_moment,0.5278874098759017,0.5500356270030357,200,0.5278874098759017,,,
24,material_type,46,tc,0.6930337834452434,0.3919383952242117,1640,0.6930337834452434,,,
24,material_type,46,klat,0.5708512632626923,0.47462153696445125,1054,0.5708512632626923,,,
24,material_type,46,material_type,,,7824,0.9837678936605317,,0.9837678936605317,0.4751508624465548
