id,feature_1,feature_2,feature_3,feature_4,feature_5,feature_6,feature_7,feature_8,feature_9,feature_10,feature_11,feature_12,feature_13,feature_14,feature_15,feature_16,feature_17,feature_18,feature_19,feature_20,feature_21,feature_22,feature_23,feature_24,feature_25,feature_26,feature_27,feature_28,feature_29,feature_30,feature_31,feature_32,feature_33,feature_34,feature_35,feature_36,feature_37,feature_38,feature_39,feature_40,feature_41,feature_42,feature_43,feature_44,feature_45,feature_46,feature_47,feature_48,feature_49,feature_50,feature_51,feature_52,feature_53,feature_54,feature_55,feature_56,feature_57,feature_58,feature_59,feature_60,feature_61,feature_62,feature_63,feature_64,feature_65,feature_66,feature_67,feature_68,feature_69,feature_70,feature_71,feature_72,feature_73,feature_74,feature_75,feature_76,feature_77,feature_78,feature_79,feature_80,feature_81,feature_82,feature_83,feature_84,feature_85,feature_86,feature_87,feature_88,feature_89,feature_90,feature_91,feature_92,feature_93,feature_94,feature_95,feature_96,feature_97,feature_98,feature_99,feature_100,feature_101,feature_102,feature_103,feature_104,feature_105,feature_106,feature_107,feature_108,feature_109,feature_110,feature_111,feature_112,feature_113,feature_114,feature_115,feature_116,feature_117,feature_118,feature_119,feature_120,feature_121,feature_122,feature_123,feature_124,feature_125,feature_126,feature_127,feature_128,feature_129,feature_130,feature_131,feature_132,feature_133,feature_134,feature_135,feature_136,feature_137,feature_138,feature_139,feature_140,feature_141,feature_142,feature_143,feature_144,feature_145,feature_146,feature_147,feature_148,feature_149,feature_150,feature_151,feature_152,feature_153,feature_154,feature_155,feature_156,feature_157,feature_158,feature_159,feature_160,feature_161,feature_162,feature_163,feature_164,feature_165,feature_166,feature_167,feature_168,feature_169,feature_170,feature_171,feature_172,feature_173,feature_174,feature_175,feature_176,feature_177,feature_178,feature_179,feature_180,feature_181,feature_182,feature_183,feature_184,feature_185,feature_186,feature_187,feature_188,feature_189,feature_190,feature_191,feature_192,feature_193,feature_194,feature_195,feature_196,feature_197,feature_198,feature_199,feature_200,feature_201,feature_202,feature_203,feature_204,feature_205,feature_206,feature_207,feature_208,feature_209,feature_210,feature_211,feature_212,feature_213,feature_214,feature_215,feature_216,feature_217,feature_218,feature_219,feature_220,feature_221,feature_222,feature_223,feature_224,feature_225,feature_226,feature_227,feature_228,feature_229,feature_230,feature_231,feature_232,feature_233,feature_234,feature_235,feature_236,feature_237,feature_238,feature_239,feature_240,feature_241,feature_242,feature_243,feature_244,feature_245,feature_246,feature_247,feature_248,feature_249,feature_250,feature_251,feature_252,feature_253,feature_254,feature_255,feature_256
sample_0000,47,53.969213238907976,0.6363051083451703,36,84.89138242660839,2.6335282206121238,61,32.434502100527396,-1.3099506872124742,57,50.26790232288615,-0.7753361059569441,69,80.95010461397155,1.8723191173207203,98,85.09284487675127,-2.879456893472376,58,79.48113035416485,-0.2234627853258509,94,14.008401523652402,0.5150476863060479,86,86.04046183116752,-0.3914018120818318,61,18.286599710730734,-0.33938629317819685,68,57.5474177875879,-0.4864327660523606,20,37.201808579278314,1.305478807154329,98,11.3464602017448,0.09007258698166123,85,77.71469159274368,0.3227185603380895,35,45.454106476777326,-0.8397218421807761,91,41.82430362906189,0.34092219855895356,94,24.734810174319765,0.24233368608311256,46,1.4544665667881929,0.9815473767300812,74,34.56672833238632,-1.434088869232524,98,53.126575397353406,-1.16976843382509,9,28.377590579872447,-0.6506425691218269,91,55.67628930139298,-1.524290533169992,72,92.95291442478259,-0.11985091936559887,41,53.978106191463304,1.214722059686548,32,11.063173695520723,0.41343490322370086,61,92.24993811772957,2.5386911017374865,81,57.76319540915472,2.2766516263988374,61,58.74536042340743,0.10973263918779284,86,80.53149673579051,1.3631531021067052,11,21.95105250809587,0.8697404402284128,41,10.657873012867435,1.403897541198283,53,16.20138778915846,0.76798326969457,79,98.05768001799882,-1.9524868730106824,16,53.02651326349002,-0.21810389837394284,9,35.462215764077655,0.9843223984765838,73,96.91026301408114,-0.7052107363297812,4,49.58757350787708,1.3238748037872132,44,88.16371327703501,-0.810775919892985,97,17.37534753075668,2.020401963682112,28,27.32595269982093,0.8978885387603418,45,76.10239909429988,-0.6763923020592697,71,69.49818861265426,1.5033983017671506,89,59.47766373769361,0.6514092809270224,11,78.96985071424791,-0.5022557161941238,97,91.2363345616691,-0.025554070991445278,27,23.702785710833616,-1.296501767480829,60,12.21099140100268,0.13934259362126433,7,66.16323503711467,0.1806454642754404,30,79.78136488586345,-0.9913923494563072,47,52.662379726895956,0.1293069751663404,28,97.67252386625789,-0.14384577091196363,41,73.19580675856345,2.468052182229827,24,72.45168513986181,-1.6315008213841646,7,99.41393612211675,0.169360824036078,4,75.52704204968079,0.08718640420643022,11,72.14220673287318,0.1232302729146622,97,77.67236304716927,-1.3122793853389192,8,50.94221281497897,-1.366878698415421,38,4.263320928703274,1.091551424313997,59,61.39335847600618,-0.8024927332116473,95,76.92231478381336,1.4556186900811166,58,88.69249002092695,0.49097495163825133,22,61.194050533733105,0.5391321031828054,65,74.57337827312321,1.7269638512334051,13,80.49889996807697,-2.7735628629134483,16,74.72195877420377,0.4288123146206977,89,15.890816766935355,0.3550224544215164,32,56.016818346184195,-1.333157310653655,32,79.16999884533517,-0.12317821481004927,31,87.95818549515292,-0.18047991359062565,35,44.7602940320217,1.3560781468067082,33,2.9364159102392318,-1.327936513768452,34,43.550545439815934,0.46955916935292735,13,65.07685475587473,-0.09772305307091878,72,24.189382825883897,0.4283129624734963,19,6.468689351513158,1.4321701435246332,71,60.40716770712192,0.9626689195855317,8,50.74119387178089,0.2671266510114834,35,94.1725711618925,-0.6124373746404379,84,69.24928266692253,-0.1343087414705478,36,2.5447759905750877,1.891387849550339,49,44.41277131657516,2.6329244369298515,20,62.62343214210638,-0.030144269520851127,45,58.87315221313199,-0.05489400061628639,96,97.15330423905887,-0.5282789734019799,0
sample_0001,14,58.67511656638482,-0.9067206685799298,98,72.17295211648732,-1.0250908888108647,56,12.208795470067335,2.943663416481284,51,5.147875124998935,0.7731408558892489,79,34.866598729172935,0.3963739400644419,18,93.56349942209475,-0.8031776650126476,85,50.26370931051921,0.714000494092092,53,51.832965236373674,3.852731490654721,62,25.025136051586404,0.43802259742167515,22,93.46139973397098,-0.8152709365219237,3,38.816992620652194,0.2075982612857199,35,77.64129607419969,0.02100384163275905,11,93.09291056872925,0.08273043580047901,16,55.840424973580504,-0.827230943552323,98,62.75580800840635,-0.5993926454440222,28,93.27284833540132,-0.08641350683161349,4,45.05441353100935,2.047398921130238,22,35.058755880659696,0.330700557063932,22,89.67884099060119,-0.19153282391329285,51,72.05160613914649,-1.6590915883876567,66,36.30822963986351,-0.48712538376469605,74,57.161268946989985,0.7977363145786346,16,83.06194077877291,0.11372946021298058,88,43.874467538833905,-0.8808636444882607,67,84.64522917345182,1.876795812558066,81,70.72386343133986,0.5239526671077938,90,16.55133174279738,-1.6293026105542523,31,29.404467922097155,-0.18393615540897848,58,98.87287819554427,0.7699195585296634,19,97.45472651988699,1.0571249333563086,99,14.0018538660449,-0.4955073364694836,97,84.15296603100434,1.6012382271420407,87,90.33638126360249,-0.2794990658000403,13,44.10321617481616,0.9958575287184943,29,28.723899165408174,-0.21398884422550896,97,88.37858849634257,-0.7036200629264463,10,8.104621590764793,-1.1318161421326958,88,96.13152881849074,0.8622630247968789,62,77.08541085409898,-0.7398742764633875,28,95.08635622504103,-0.20656716843132902,88,62.62203216314154,1.8009404329108156,20,86.01223971892045,0.8773622905756714,45,61.6604581862474,1.9765442737282277,12,65.87077755008761,0.21159497038039327,99,21.066218900566657,1.1727290192593647,65,23.46740382615511,-1.5125955008388159,19,45.21990282834353,0.4525348918213347,84,97.86312874005304,0.7517402733935762,74,43.5583314812933,-2.153390113603715,65,24.606965879799823,0.38004746345902624,27,82.31740155956602,0.7962088084525215,71,85.11742608527709,-1.8921842488236669,1,1.582109176558244,1.580954294903202,71,66.18391898493786,-1.4137144969049802,83,12.771348363523483,0.7080891218566765,48,14.12780492755058,0.7094618174298554,7,12.203505212439502,-1.5626547852660784,98,99.66968538529768,-0.22476540189268354,4,37.14085676501407,0.533014079151139,20,6.665204056068996,1.298811324847052,7,62.46635688542638,1.7992715750189994,77,64.5810812655206,0.7348777860498175,87,10.593071255849296,0.34162921936911433,40,20.24805601652374,-0.39963618561460235,2,26.982072012821433,0.8009366396294623,69,73.99863866856118,0.197300419992852,3,61.02251494776413,-0.22111309528850173,90,93.68224620330918,2.4147909986586313,80,54.88386567200587,1.119262944775263,6,87.05784250460069,3.193107567844861,84,55.78201919292014,-0.7945605274085543,3,82.2958446221486,1.0831785970562564,51,57.72497307686131,-1.006560991087902,99,87.42267241383516,1.4117093759314558,18,1.240403627731479,0.8991357136874919,66,95.58244837207522,-0.27152447549138253,86,90.7380164712847,2.363717869296701,87,87.42225246851758,0.5087250232299338,81,66.85726467229141,0.36150352520610163,61,42.99310773901481,0.8108082731597821,6,64.58223862864843,-0.4620960186513983,5,99.48579730593215,-1.8056054729067663,43,48.889783179245136,-0.5677057842186854,11,37.53299079196019,0.28555407485765694,95,22.074548845278173,1.0141049312797121,35
sample_0002,71,96.5255307264138,0.4760425874269718,43,23.598491974895573,-0.7820478262998394,5,35.62978380769749,-1.0962657952813555,11,27.864646423661142,-0.8018278433496938,92,9.617655109142076,-0.6256162952329317,47,78.53406511139436,-0.004856944651029909,21,57.69038846263591,0.47323762457354485,57,87.73730719279554,0.570890510693167,85,3.88347344294232,1.663769789448251,8,63.82705938433504,0.6990923818599891,15,64.32882184423532,0.8849904671866655,9,34.08035402530179,0.6819529712949639,24,97.42482085344102,-0.25841773581743555,70,42.42220092469763,0.5193465142411723,18,58.43143119231002,-2.123895724309807,12,86.60638895004084,0.27563515788740767,2,12.915941515149498,0.11486146821389558,78,58.991768685463306,-0.014718258634936664,54,47.39616402628724,0.05747400302429677,78,6.234136251124145,0.2936660236094656,17,64.59172413316013,-0.5923939242388692,3,27.997909366028416,-1.1391417285898826,8,96.50269106665125,-0.5945160527242493,17,57.74862709061257,-0.8818788950440642,85,12.748866233198243,-0.773789199103573,88,15.253904291426135,-0.5880868263145528,33,3.3879160246594986,0.10985294695474446,29,71.40591997898282,0.5137954135806112,71,60.31974021769796,0.3303190682426161,4,77.97587747880308,-1.358347719286152,40,26.368380263461646,-1.8547858041593057,54,84.64078493145573,-0.7969514357745502,82,64.66649191171634,0.3575262438372202,30,40.448544968185075,0.25616145843382465,24,29.630812045599008,-0.04946370965243295,56,92.77522831952129,2.3573763650327084,58,22.018320194981133,-1.6393962676640563,52,46.547000876998354,0.6525346937594791,27,94.7297888256338,-1.7050866692437248,74,15.105789178090024,-0.7108719304112411,16,13.124487768238758,-0.04015795064434341,17,77.98509888933498,-0.22096417382966393,14,61.29441748656059,1.3514784294735072,24,49.8195716453139,1.0910461021646674,65,62.296658356348274,0.5436001545944323,34,88.37096696607526,-1.636724991299341,77,93.38750175279048,-0.1335798413052158,0,37.42967671397926,0.8391848677163122,67,81.78342161750216,-0.6389617476895022,69,47.66954750411592,-1.2173048558630128,34,52.24810405161183,0.47700371939507324,23,67.14246695306144,-0.5474903569988108,63,34.10900244742206,-1.4371667607422924,49,55.77834173700249,-0.11122606134870032,64,82.60676302525283,-0.8480986993392317,41,21.198249090223854,-1.9691472859735475,20,59.429075056177474,-1.3312297927140704,20,81.39702695060188,-1.1701130260593595,64,26.585113665431347,1.0119033118267453,27,51.84080219452041,-0.9809174429602977,63,38.19396396528959,0.7458012510604037,88,28.590678923916013,0.6628812686674127,43,15.15693715876736,-0.8555113579782533,12,95.80734801193802,0.22468472575188592,87,82.5049410180062,-0.4317957886402062,3,95.03127529305917,-0.4114209726593703,38,13.535408227768553,-0.840281430657129,6,5.225787928602377,0.07999338055914339,23,61.29001608619492,-0.8426199213902301,20,23.87962113815393,0.29875290836568624,71,16.603431341619547,-0.550691571530313,27,20.975294768368137,0.7367577554410882,33,73.80691233385171,-0.22425515875756974,75,0.018839955658189744,-0.049376903556185035,46,46.876796546450585,0.9024692225017834,43,2.5141958277272725,1.4015657375153268,37,23.885666040192767,0.2979210652598027,36,49.35465803401187,-1.5811907020321334,18,67.86699566725648,-1.1437262073206618,48,67.29666223944324,0.793488720552213,67,63.69023174547432,-0.045970007917145186,58,54.53811212183025,-0.5162420870091603,10,40.177880065432426,-1.5245212866191742,69,28.57835555258702,0.5211224283793383,71,73.40297625893064,0.21164097750864883,34
sample_0003,77,60.70342476866847,1.303661268398584,85,25.606832276132398,0.4239430697909341,27,90.6828441545754,0.9148843219260121,38,90.82658859666537,1.3840157189326783,2,94.0523264489604,-0.5224614795325828,79,66.89882547142287,-0.38332330626590333,29,49.25176938188639,-0.07282891265687277,66,74.07686177542044,1.135565640180599,50,30.326551467322282,-0.7392364314551072,11,51.66962574265666,0.5998966337110059,23,45.825289049151664,-0.4645297486449678,72,93.07573256035647,-0.31026675659345604,51,99.59312420303291,1.1834823201410025,88,90.6354385094736,1.5327389130025777,19,90.11580104909889,-0.525755021680761,45,4.521867010618941,0.27872303497066114,52,95.40510272587224,1.551262854732971,84,39.22440450997323,0.7964054296963266,79,66.75577385210272,-2.282802490040798,46,14.77390919062267,-0.4887698234555325,99,57.077830466891186,-0.863990769679816,78,76.94929331919369,0.2677426657032613,74,12.429722348554472,0.5883285184606423,39,35.53624518183959,0.5126049723762208,65,39.72872905603673,-1.244654703311417,96,57.62883601668132,-0.13340085789154404,90,31.14731711327574,1.1296494849723704,28,52.764773014478585,-0.29436666101830583,53,80.6850148962586,0.8700099075640746,36,11.423792592039684,-0.4694389134095461,37,26.64983933708822,-0.9895830575747401,23,95.5236312723479,-0.0757708272214536,7,69.31752114569247,-0.5872694177661788,23,57.24277594334657,-0.019881610288865037,83,23.360775104990992,0.6748194921666038,89,99.49078226464353,0.937838301566644,97,68.32587636595959,0.4625485526475405,41,87.90714802281316,-1.8925459853039637,59,16.637758693227234,1.3829044344647987,31,43.23348010426019,-0.669121081112643,92,3.2526179491251916,-1.4307751021180481,93,3.9618825348357145,0.02688583899453078,97,29.883588633731385,0.46413466022330374,44,55.53635509376312,-0.11073342908069587,78,63.156022009252055,-0.37061433208610595,4,44.20243737828575,1.2056914600814304,1,31.61561049767505,1.0858663418678058,7,1.7515990862062236,1.815372684826906,97,12.020905537060845,-1.3230897934074983,27,39.43653238183502,-0.4820467948282169,7,12.322265417216604,-2.2769126980996077,79,80.95299757684418,-0.9377798338699104,34,81.87070571192328,-1.222237797075564,66,73.06505102392461,-0.9039076414647897,29,78.20280876703859,-1.6010192977017523,37,81.87350040742702,-0.21825116374283668,97,93.64491738836605,0.2783290612202149,72,61.52194382310109,-1.8019804375800197,12,64.60901234625081,0.32105233333216393,74,15.016900081704165,-1.3279180716872732,9,20.56872621955551,0.5934291731936091,21,81.59469389686173,1.173473857485325,76,9.375692064555663,-0.6208452192826428,8,36.79407513020845,0.9325908318730899,79,49.82556822634536,-0.8860424543316735,19,20.29363675749022,0.5287488457996609,34,75.13750860290457,-0.9228301897268331,69,41.87933190741614,0.3479061163248855,60,22.614705158994074,1.0030513096611837,19,45.12393441809881,-0.7517910500951843,54,61.34731386391763,0.9442896421822814,94,37.90271262190974,-0.5669609755532439,40,80.61958810037908,-0.5941767487299575,16,16.90810703559925,-0.30296445490192875,13,30.126526076000037,0.2144508339716411,32,69.44504561307087,1.1090540479315865,5,46.9641774680709,0.2887323947199601,48,70.22587660316643,0.8950383140761154,27,36.1919990837865,0.10855970577652314,94,27.538117425541852,-1.7485319732381808,36,34.060416658129164,-1.1466647145209035,14,8.820170378987068,-0.6765051214491359,67,99.38483888996981,0.24092499728946865,16,20.322309108608728,0.645215585950057,18,76.25963946941752,1.7259077703523744,65
sample_0004,86,27.599918202254337,0.2115870123260165,90,4.043358953843135,0.8727050979905174,27,27.213224938463533,-0.6660606202304288,1,23.95618906669724,1.405205305878188,19,39.75720210875223,0.013033899766550932,2,58.06866214364547,-0.46252686020175215,37,19.52429877980445,-0.846793718068405,45,69.7015740995268,0.9540017634932023,24,53.70824271966554,-0.10719447516112607,0,65.71113285001668,-0.481248133823506,79,54.56167893159349,-0.6222371649062791,23,85.84127518430118,0.3241663524884421,84,5.587115467735004,-0.5054422737918634,44,11.119748230615134,-0.1087601484568576,56,4.5446380341457875,-0.759132661553698,34,2.6366974497252005,-2.452264601315733,22,60.617463445088006,0.1699729029073083,13,43.747492202372904,-0.28138510655108645,94,17.231987120162984,-0.10194951247985627,55,13.311692858747826,0.25992146913572933,85,35.60967258978462,0.04852162794482699,5,18.704374855752338,2.783777423489051,14,73.08674752036443,-0.31847851065033933,71,39.14821102015019,-0.012744150488368224,9,79.72953657795536,-1.7787202489042786,59,60.67150463828559,1.070996467205255,16,78.04957075460877,-0.5783139229273008,48,53.44558912572469,1.4149636914966628,66,96.26493185548746,0.5273837156924824,37,56.57766199665605,-1.0007171579433447,33,73.21845784590624,0.14720782936960267,21,15.467214088323622,-0.3077856166798123,94,5.159580665870999,-0.1927797872386079,98,80.39769794008976,0.6409038494092362,4,4.209318963636188,-1.1227220215622986,40,17.38952492194873,-0.8401100785833383,87,7.613085949030019,0.2400227376850462,99,0.5145170754714767,-0.28310900123525357,78,77.09842925321355,1.1366047717045602,1,94.36159201675989,0.07420621380015535,52,92.08478478156869,0.12810441491078928,63,48.0506947257829,0.20838280794755248,43,93.52018152994597,-0.5797009114736275,18,71.92017782722638,0.9328790843286214,33,73.3113022415281,0.7716987106483447,64,33.08893629891719,1.4946885753643797,72,50.723480868839246,-2.100918861451918,28,24.414729042237425,-0.9900262363062616,3,54.448909796084955,1.642015160136369,92,54.941423843045335,-1.3975182328438736,15,85.94157932805892,0.24749779683721096,48,76.6656135200406,-0.7003488074579535,6,60.321941021337224,-1.0224353795457661,43,46.52056122837182,-0.7355299425897666,20,70.87446977429764,2.15574316320679,81,32.252797784641515,-1.0234193103506461,67,87.61051925980425,-0.07907874760635167,27,30.625362078661166,0.541462728204788,84,49.933383497861826,0.4945957483210984,33,73.74337687214856,0.6802653792954804,37,12.138641815940643,-0.8537365346849118,29,86.1369996363436,0.18102155870370695,21,57.71727832875501,0.33886515705174236,35,32.69316163380791,-1.4183657329330317,57,7.705827913433117,-0.8432606042937426,46,56.55499649214404,-0.6913173710167768,0,65.69551562671396,-0.3038308479862159,14,26.015779096205115,-0.808419824523387,60,84.69187280885599,-0.30224967592152013,25,98.49896561408751,-0.4263575962055433,8,36.31007366340104,-0.8593402836993107,58,97.34573899761732,0.06977921349879786,50,84.37373264067243,-0.3359795095729449,38,38.975938742649205,0.3882426477853441,37,59.83574842977588,0.7343046755614968,72,8.220706371178165,-0.362737913484448,85,45.04653016578183,-0.3098820736437513,40,99.28168389990704,-0.4830610516834395,39,59.36607912085384,-0.0332299906444608,24,30.63134987782127,1.3043402428781525,55,7.171188884765101,0.005492550243393307,29,60.687734157692994,-0.43325988348754363,0,88.0314762148927,0.26588629805933295,18,76.17981913776973,0.5556044660034485,62,92.92573980072292,-0.12372833626717304,62
sample_0005,61,29.62735057040824,0.5970446461790757,34,71.06628896857873,2.287225982957292,43,64.76901205413623,-0.5137874915082461,2,14.48948720912231,1.392325753491903,58,51.77513505274801,0.37776959197309157,19,37.22827665617431,-1.112497354329448,50,72.24521152615053,-1.5148472246858646,23,70.24840839871092,0.651391251305798,57,32.665124179604085,-0.4862172857531241,57,43.56728986778911,-2.093794004035063,1,94.14648087765252,-0.35548864091635973,63,42.89940273750184,-0.13014305436768459,99,73.70355567910089,-1.3567854844185623,3,49.262510429085914,0.40171172209894146,17,28.096318959223034,0.15039378647620763,5,37.64633668780496,-0.901293818664668,52,22.864280550346272,1.1532451864284559,65,90.41586944937484,-1.6646931961950078,74,19.228901880867078,0.042134081741929175,85,68.71655054033312,-1.291036070898115,33,98.65152487929797,-0.8309501164110378,93,32.367923640424365,-1.6110056099552212,23,93.83404568210378,-0.31905702106634304,38,53.185747968817395,1.0543952158491143,4,14.991742734877377,1.496044311489183,42,42.4130671302386,-0.5828006014129976,42,27.75871726294181,-0.9105578447398801,44,48.1087948387586,0.12504603116644689,50,94.44097255772735,0.26193761110682645,93,98.53673122417347,1.853965377311879,16,25.073066056159774,-0.22254147217114004,68,62.33325509049907,-0.658898421976203,20,66.99174645500392,-0.1540367159667322,59,53.840149038078756,-0.17191337107175791,64,1.787393473341381,0.3824097461840506,2,39.62420189026587,0.16469782743714056,78,85.12069140487687,0.30555432037725844,62,81.99469174081001,-0.8820273412074283,93,70.85720046026293,-0.456967323577425,46,41.97273169261223,-0.22940260273035226,7,61.665031452073805,-0.6810516574748808,81,10.493017841817487,-2.0417348684242906,48,94.73504626310387,-0.024104878152501334,54,22.845474133129873,0.8731585486191489,35,13.15676851272598,-2.8485426206300755,39,44.877757383140306,0.1777558935804024,36,4.15728590503921,2.9377528471677734,95,83.08771913417054,-0.44000739099540254,18,0.575866049812157,1.0098170893426341,25,74.68757161358226,-0.09524507822534518,35,79.97810954240217,2.25045476781627,25,14.970396795695773,-0.6429982234808785,84,33.722713275542034,2.0799459236905222,57,6.0142342600785215,1.2360931752104374,83,3.6160380524762115,-1.13145302065243,44,2.2893824976120247,0.30172251268289835,24,27.775262374926115,-1.4802840982074632,61,62.389583629163845,0.7591551603026468,89,26.60192780053807,-0.11665720983227088,7,51.22219208126745,1.1578148420240095,95,61.50129680388666,0.35920940045784094,83,84.6514338690278,-1.2968319479558466,42,87.71384415114039,0.8168717800204081,85,14.888805033244468,-1.7608088119807759,54,5.85509292439792,-0.13524289563203143,90,97.96467150338835,-2.2236120309955307,23,95.6614621083458,1.5681047947182098,81,73.08209649807299,-0.31526484424154627,97,42.86305469704757,0.22351110632916493,67,77.20124763099903,1.1484457091967548,46,89.7186340964619,1.1423851439741257,26,33.684050186110326,1.042019483162937,46,25.397487457202473,0.4327285991301843,8,37.950290337471856,-0.6964197929226035,52,29.72378077086172,-0.6493313119203942,60,91.06765794351396,-0.5025994606062325,24,47.297134609551016,-1.79425723051006,16,13.148911989798162,0.14679301198554937,83,1.0131184027743378,-0.2081168572725397,22,78.89851599207933,-1.6624919880356743,64,40.9628894895232,-0.47570526373119687,41,15.158429286987996,1.0199245795969742,91,62.34059581594401,1.7691167002632864,25,38.65405068230279,0.08958068125524882,37,3.0549457093379973,-0.35647163736833054,22
sample_0006,39,16.52669390630025,-0.8963351831293019,64,11.089082081183133,1.622920499341374,83,0.05203769953158188,0.3013228009496343,55,48.9452760277563,-0.8806408185297693,35,83.7710105907328,0.06282459973318241,23,94.01334424577784,0.8672294989764441,53,28.07723624408558,-0.4465149520670211,31,35.94911512197552,-0.3152692446403456,62,82.78690037875887,1.5929817942594646,0,73.00393165618185,-0.42004746462751613,91,38.610263780077425,0.9520110938466946,98,75.08710677914974,0.09699596499271819,52,54.591577016498896,-1.5816539256145454,35,1.1353644767419069,0.6901439917111125,46,95.04114840765587,0.34175597577715944,81,81.0553330781833,-0.10862866408885558,36,67.17006844058567,1.0265798465520781,74,34.82554670233004,-0.006199139673872496,15,4.086861626647886,0.5145889906905393,13,84.44406726336288,-1.5605059143826707,7,60.577481935688716,0.2704568257798388,50,42.54364386164168,-0.14855140500704944,37,18.123306616566015,0.5434831529637776,13,6.661911239081697,0.47958092443308675,73,22.92513952326415,0.6543656563540577,75,73.64442356247228,0.8522464890302681,58,22.009721408109705,-0.8708646476463285,92,49.7011948821249,-0.2568170279257321,96,14.108184877771357,-1.4986594015069548,8,47.10654526938144,1.1030252667777827,36,63.30980633574475,0.8244153882574605,55,47.42373087003696,0.663737213888021,80,4.4165437710100175,1.3568567742188886,44,66.16551750805415,-0.024277279891941953,93,98.77223897360315,0.1664522082130561,5,75.82384757040913,-0.36253502509936236,37,49.51465270139743,0.932996642650568,26,22.86251615249235,-0.39093856966522517,36,47.35738884350885,-0.11299178186808652,77,63.85259476640856,0.9505027552826248,78,79.65372909761763,0.8406435489887241,94,24.204501586252746,-0.24717738252059693,74,62.53046602139478,-0.2219124527935532,99,99.63339160567419,-1.8643315283090947,5,71.58249646820886,1.1487657003721035,75,66.93904014593613,-0.4677127721408569,19,14.834320096208886,-0.8711337640375167,4,86.46088359550367,-1.613468660268402,69,32.45858299002703,-0.6881503451777238,24,71.54909070992744,0.3904023439162669,29,18.4585129537033,1.3252690510383311,90,42.3944812913302,-1.3264206868589932,17,90.55247923296739,0.4933833004115225,2,56.22968158779098,1.091310120594269,69,30.31283559453286,0.8363237229955514,34,15.379114966803108,0.2869174286723232,78,85.14486375512654,0.6459178257938111,6,52.70414639116516,-0.5765104007267194,84,14.923777795017612,0.46504546101518207,58,68.02277792083532,-0.451409657600639,91,77.4633780637788,0.5568208407749982,84,91.89265336395545,0.3996879517526416,36,43.38005122547718,1.0999049509178827,89,30.560421549021488,-1.5256563145700948,3,33.42383186960608,0.4800595800866833,14,16.529411097017455,-2.7141073004910865,56,6.895801635642118,-0.5260780322119588,31,98.12970904972467,-0.42675711688235407,27,14.095962752176927,0.07237758628103405,85,2.716742122555982,0.11327041053776446,14,16.885420667768614,-0.009086574726255944,68,29.648978128331528,-0.45703833586239695,81,3.1115599917357684,-0.5943663723462062,98,22.673038292351066,0.8434143093959997,60,29.99191115069847,0.08312246565668001,8,46.443323622554274,-0.895998806814502,81,62.25196957297452,-1.4507119177434764,87,27.47315255195195,1.6122206282554243,96,63.60960464095422,-0.12853751143893075,23,44.64195164015822,1.0325462043416573,64,31.12174950633936,-0.10212844003499932,36,3.0937644731341973,0.5428265593190245,62,56.93773611822828,-0.3617630688368137,47,51.12754622007512,-0.1973384203073261,66,87.20483384470077,-0.6137968768428766,8
sample_0007,84,1.5636406741193931,-0.11198782050694159,98,43.93365018657701,0.8237330769751414,29,35.2568856334169,-1.4585169209867577,80,98.56504541106007,0.07689494858457142,18,67.56901170392807,0.5015963653461725,53,97.36638367553174,0.9584138362132985,7,2.431596643145384,0.8563987943234723,46,29.359184426449335,0.7589692204932674,61,27.15429158197419,-0.4339415990100517,33,4.771612769164879,0.13920411095681615,31,96.11905638239142,1.452550247462371,48,75.45428740846823,0.5951570254369136,22,70.58314838786946,0.07900901424405643,69,46.86606419941263,-0.40122047188583626,48,89.02637838909163,1.8761708392158862,68,98.72761293149445,-0.05548495829767373,73,61.81282404578958,0.1660881325081512,50,51.39894891598108,0.40311932708557713,7,16.893506307216455,1.2046350725758252,89,74.96162320085874,0.206689463001077,39,23.72267917359945,-0.05023810944913695,61,50.7610378684455,-0.4074601376352653,34,6.6496267366777495,1.034920927080599,31,22.902539092479635,1.5830307939565351,96,72.22525683930662,-0.05558467091045507,99,93.43670147690149,-2.3207373739781305,50,21.26807843412263,-1.6119611796500846,29,76.53562810662406,1.0242865817793902,91,40.6392308273522,1.1391575728616767,97,18.210713882158323,1.1514253744647323,24,49.42738501382714,-0.12461378134346948,32,34.43837320442332,1.0101414604286183,86,58.826375696993104,-0.3594372740249021,97,73.7855766906525,-0.5552239991287617,48,42.77731337358623,0.4924512640081491,4,69.60206180537922,0.5838003761562907,71,48.0586577326648,0.42168492391225987,37,90.87013092693678,-0.6704315670462594,92,5.79204605587983,-1.2249350501889522,83,39.75943979627943,-0.34297582830262907,26,48.152235151255006,-0.6526239793023909,37,98.66625932671465,-0.6819842479977986,60,78.34227259416147,-1.21451895564927,44,97.4793162146783,-0.9016007460355724,38,90.9032520665641,-1.7397137787780996,55,14.57565682447517,1.791143786862626,25,98.66301229588468,0.4033900233540776,85,76.85193645237912,0.931009464327855,97,36.646153487139784,2.2524358053443088,11,52.12341324853343,-1.110038105091452,17,29.527828922031006,0.4220131607069687,36,15.298380082856266,0.7527021485726273,66,77.26227274493826,0.9654079744353802,85,95.76252845053801,0.609138120907177,21,26.311256991084285,0.03126687724867452,29,22.361443449631125,-0.11562211495745531,67,0.03325061204894064,1.3743095131790952,79,42.60833838903715,-2.59104229214491,52,12.71997626874496,0.16665282856351338,85,4.167290060238427,-0.4360534876498796,80,64.39042535411306,-0.21037015856104574,43,25.224102017336158,-0.651356893791829,60,16.08481739577462,-0.8581055447681935,57,87.66507618282006,1.262584103427182,23,78.48969771114676,-1.3654620221921803,69,70.02519594445211,-0.7994983331634866,99,5.705472115125431,-0.014019538257588698,74,25.65300624442478,-0.5418349876686417,57,66.41879145054173,-0.02180533808183465,14,6.5204591260492055,-1.4382779783173667,47,50.705110386544106,0.30312296159184327,24,91.82079996227752,-0.30188450519055177,57,73.92947351647732,-0.19232391307236457,76,38.16119398672001,0.49521295312411195,35,74.31931987316034,-0.46710340679077605,67,13.752377481701538,-0.9308811941934042,16,46.974376299068375,-0.3167533293985182,20,39.45760755976464,0.8968393158655319,75,91.32869475762368,-1.881849045497639,37,79.83803405183525,1.1267051368275833,46,67.71206397350093,0.4092583875972426,41,97.07421536772482,0.8487665026064236,23,62.06604798245841,0.2801213889694491,51,49.23254800011819,-0.1512732836535117,58,52.722618083980024,0.18928789423555545,33
sample_0008,79,42.340148070636964,1.4689412854323924,46,20.17192023353962,0.2930592456455724,61,30.478125815802905,-0.6627383133782134,58,24.20552715115004,-0.49343248220332664,89,73.5216119240772,-0.1469453929203728,32,28.39209747374657,0.4181185219555865,26,64.54722959071678,0.21409374413020396,85,80.93611554785136,-0.7728252145375718,21,96.52518303907698,-0.7326922013038443,95,56.60372104940763,0.0018136111946762308,90,90.53506419560637,0.3620139119424706,98,10.31238688359326,-0.8182206832334725,15,96.86519439741349,1.0606924631803016,30,5.630327568183735,0.22409248181041677,13,45.56567527857129,0.9504238381860503,46,15.041689110352818,0.25938930899969403,73,35.81627180328405,-1.0203832472621548,37,78.3653012741143,1.122677684798021,3,27.85903390319586,0.8513542646005099,27,3.047215273359416,-0.34978376095685226,82,10.178247262040374,-0.23894804686640975,56,24.240973241508023,-0.6019686788963846,93,74.11206492900591,-2.208106551673877,50,54.28493106134089,0.9700777779137266,37,72.00365365460743,0.2799686263198203,67,92.55685129067763,-0.2298795714463868,53,51.51736824068126,1.3497046273106952,15,10.298147933131553,-1.6225236301977521,7,32.39900611067996,-0.45851184752647606,52,48.47783671503462,0.1206472259947952,75,57.32943781794007,0.748034725961725,35,35.15401611342188,-0.8686071892656042,79,99.93534995658348,1.3566333821834542,2,52.016810987873185,-1.6054089911845624,2,38.432664715968166,0.2891686439078181,4,15.389590633985506,0.5434991027893419,4,59.24077846595176,0.4056175931403788,59,0.11201114801094869,-0.046420370741399854,21,7.469441775785402,0.0889522726097021,21,27.421520234867003,0.5055018106114911,45,11.730818896239448,-0.4461834332147797,31,14.249554290151323,-1.0016200098949155,66,61.2257985881158,0.650281574959703,7,65.03256863469369,-1.5618068613954716,41,17.968310887024195,-0.36244094140313216,35,44.94338352137377,0.17390804165650472,28,96.51186964360456,-0.9384679102058486,46,11.310981907657302,-0.3345075063567468,81,39.61726916092554,0.9817654869915943,4,82.23934188170581,2.049178922684823,1,79.34072581478372,-1.0593921304699438,67,23.52355848019848,-0.5470952973871014,41,26.48954472367334,0.1961675455787285,69,17.530294235765965,-1.092312764672579,81,36.01364074715191,0.2513056408063804,87,95.73228878945872,0.5102790105320711,44,1.7687809613257222,-0.5984936167163358,15,13.071037674019948,-0.5462444482524828,81,86.46603921404177,0.3251767965290638,71,8.479201604580322,0.2825435261067931,94,53.030213324915835,-0.5947762545556623,31,75.50419287462783,-0.5286166817497568,96,55.804232514896704,0.4331205346771937,53,99.63343376272474,-0.5518581458924467,33,70.76809347409157,0.1898478362124643,46,58.5810145971902,0.15637812291827763,69,28.218707469320016,0.10164428768951007,19,65.41746014740745,0.6329617515098265,42,21.60904531853075,-0.01360283444532232,84,46.39313768123328,0.9192289345752035,81,59.8112629369018,0.3675223025093705,2,11.074844531895812,0.24363250000737366,74,10.634372625577459,-0.5031452519015814,78,12.884871200025483,0.03886556204856375,39,4.814283597835345,-0.7337879737853639,34,34.08156997898466,0.3532073945078431,60,44.74681413224578,-0.5084553400297436,50,42.18281785388314,-0.2685306479058323,14,61.25734683448192,-0.5487249077409615,27,82.24223736682784,-1.0909664302151982,19,60.57792494526903,-1.0981454780308466,34,77.3538891534564,0.03049550475359814,98,20.131210782243325,-0.6654854146902154,95,57.727902923313124,-0.194908280352681,68,63.25441099658279,0.4667254675921039,45
sample_0009,81,39.48815181755697,-1.1238983345400366,77,89.57635956735194,0.8966303837109462,74,16.465585314294174,-0.14647280674161622,1,67.21355474058785,0.9231626083419529,66,20.907162073771367,0.18062297374021988,23,30.536386034439346,-1.8865280457856384,26,17.711067940704893,-1.245738778711988,22,81.01133946791808,-0.23681860674000887,57,45.72651616137286,-0.5782769139641375,47,15.864644764249103,0.7559352817916524,83,19.579113478929642,0.5813141340357241,35,90.25529066795667,2.0923872756854602,56,68.8030010175039,0.23748525162193965,18,11.881791626807193,0.01259240078179486,14,62.013259780153675,-0.5769036556624031,24,59.41307153521351,0.3023482903316427,82,11.355759219962902,-0.2690944379289504,63,39.65427823212701,-1.4411957604959986,3,17.70104842767468,-0.6203637225355519,86,86.72149810747233,-2.1106995211501784,41,15.285913918433202,-0.9075636620415979,65,11.483682473920354,0.7602510946353603,94,57.44731131799119,0.36077842467342836,37,43.152814313644264,0.7207730491405775,12,64.11476328852973,-1.1254890472983765,4,45.08393714041321,0.6281400134806694,23,97.55413156827562,-0.3296173418064082,39,33.43628113104822,0.3409883522771337,33,8.692501495034932,1.0885402776225443,43,51.24576558819216,1.3120919497496433,86,83.81069631782958,1.5009716305642897,19,41.27935506067523,0.04476686709490358,69,55.58065814371796,-2.7124904918479738,36,42.68170566548643,0.5678534737712714,44,67.96472826930699,2.4553001399108942,53,81.58331249906178,1.083609653905471,47,82.46809659251491,0.7150070138011407,6,55.6181735039757,-0.329914735133474,67,85.24146591986477,1.1659137153714005,74,98.39776479598282,-0.02892488417486995,49,12.518579220255043,-1.889540730945531,10,49.888815345135605,-0.2811002928859549,5,48.43984475740406,1.567353001959409,92,19.954245092914512,2.0017371025301354,57,23.754332492387764,-1.1196698946261439,44,58.7884371110387,1.0894367093604342,0,0.49399809344096157,0.6442681595093017,33,79.55103716964031,0.20619098202932656,12,69.54672066898621,-0.32483138350862245,97,43.08620915380333,0.2781060190919608,48,18.522844654740965,0.477553716125646,49,86.92596246510526,0.16357333558865472,38,64.52898375257169,-0.6018872112012336,1,69.00048908206658,-0.3164084496948019,71,8.764274676383854,-0.0015505058359027444,29,57.30414289308493,0.9978127182640276,59,60.255316384286495,-1.740981857368374,96,88.66042152404667,0.3918040054025465,44,24.347796840486723,-0.1667240330868389,48,71.63233880626822,-0.7078526767431832,7,4.195122343163627,-1.2812976734768549,50,46.053949727414,0.5863640187550933,55,81.17522168657099,1.1870441117189765,11,36.83095305068483,2.5581992856682523,29,78.86149646724064,0.576758066193072,77,58.647909218870694,0.33197173395348273,40,26.170568373590598,-1.131026391491943,87,19.809763275974014,-0.4495760382252812,40,9.756251023929973,1.457358558271021,78,90.92202058615601,-0.668144085538994,41,3.3383601786381223,-0.6162205534066079,96,75.95824101146317,-0.459091063554586,56,31.491958861296766,1.4439966655745458,81,41.27611292660261,0.15431583163358636,80,90.28949951919873,0.03606339146962743,80,16.482467534676204,-0.019785315214965602,11,47.42884204312605,-0.11517292776994209,58,41.102107526554576,-0.8911922254152874,40,87.3698593466345,0.09284490114111471,20,85.75623376612837,-0.4108142879545848,18,36.459372819754,-0.3618113392325675,86,98.01089924137669,-1.3220993199448576,12,39.51377432643186,0.8731694306934659,69,86.55771456245522,1.1337700968670645,12,64.44702771210336,0.48596228292727106,77
